{"runtime/iteration_time": 23.308852434158325, "runtime/tflops_per_sec_per_gpu": 101.83719563715303, "runtime/tflops_per_sec": 814.6975650972242, "runtime/samples_per_sec_per_gpu": 1.3728689599967219, "runtime/tokens_per_sec_per_gpu": 11246.542520293146, "train/loss": 11.47062873840332, "train/learning_rate": 2.0000000000000002e-07, "train/global_step": 2, "train vs tokens/loss": 11.47062873840332, "train vs tokens/learning_rate": 2.0000000000000002e-07, "train vs tokens/consumed_train_tokens": 4194304, "train/total_grad_norm": 10.64678301870856, "_timestamp": 1723572022.692993, "_runtime": 82.03202700614929, "_step": 1, "_wandb": {"runtime": 85}}