{"runtime/iteration_time": 39.22366189956665, "runtime/tflops_per_sec_per_gpu": 95.79007182351609, "runtime/tflops_per_sec": 6130.5645967050295, "runtime/samples_per_sec_per_gpu": 0.4079170384694951, "runtime/tokens_per_sec_per_gpu": 3341.656379142104, "train/loss": 1.9058643579483032, "train/learning_rate": 0.00016455523101578567, "train/global_step": 16606, "train vs tokens/loss": 1.9058643579483032, "train vs tokens/learning_rate": 0.00016455523101578567, "train vs tokens/consumed_train_tokens": 139301224448, "train/total_grad_norm": 0.07219678267435187, "_timestamp": 1722807500.145634, "_runtime": 162235.3414928913, "_step": 4105}