{"runtime/iteration_time": 37.50534224510193, "runtime/tflops_per_sec_per_gpu": 100.17872563291921, "runtime/tflops_per_sec": 6411.4384405068295, "runtime/samples_per_sec_per_gpu": 0.4266058924469499, "runtime/tokens_per_sec_per_gpu": 3494.7554709254136, "train/loss": 1.868733525276184, "train/learning_rate": 0.00012079637736749167, "train/global_step": 25040, "train vs tokens/loss": 1.868733525276184, "train vs tokens/learning_rate": 0.00012079637736749167, "train vs tokens/consumed_train_tokens": 210050744320, "train/total_grad_norm": 0.07773768559311958, "_timestamp": 1723931630.93907, "_runtime": 172800.49142098427, "_step": 4539}