{"runtime/iteration_time": 41.18954300880432, "runtime/tflops_per_sec_per_gpu": 91.21823443726205, "runtime/tflops_per_sec": 5837.9670039847715, "runtime/samples_per_sec_per_gpu": 0.3884481067580667, "runtime/tokens_per_sec_per_gpu": 3182.1668905620822, "train/loss": 1.8841291666030884, "train/learning_rate": 0.00014549874555016962, "train/global_step": 20510, "train vs tokens/loss": 1.8841291666030884, "train vs tokens/learning_rate": 0.00014549874555016962, "train vs tokens/consumed_train_tokens": 172050350080, "train/total_grad_norm": 0.08965789188239162, "_timestamp": 1722973426.8728595, "_runtime": 165869.24505352974, "_step": 4009}