{"runtime/iteration_time": 37.66682434082031, "runtime/tflops_per_sec_per_gpu": 99.74924768130785, "runtime/tflops_per_sec": 6383.951851603702, "runtime/samples_per_sec_per_gpu": 0.4247769829287273, "runtime/tokens_per_sec_per_gpu": 3479.773044152134, "train/loss": 1.80398690700531, "train/learning_rate": 4.997360207420221e-05, "train/global_step": 38547, "train vs tokens/loss": 1.80398690700531, "train vs tokens/learning_rate": 4.997360207420221e-05, "train vs tokens/consumed_train_tokens": 323355672576, "train/total_grad_norm": 0.07872751477888214, "_timestamp": 1724542514.480808, "_runtime": 172794.06976413727, "_step": 4546}