{"runtime/iteration_time": 38.20133566856384, "runtime/tflops_per_sec_per_gpu": 98.35356080579817, "runtime/tflops_per_sec": 6294.627891571083, "runtime/samples_per_sec_per_gpu": 0.41883352296413334, "runtime/tokens_per_sec_per_gpu": 3431.0842201221803, "train/loss": 1.787767767906189, "train/learning_rate": 2.8359280606376762e-05, "train/global_step": 45000, "train vs tokens/loss": 1.787767767906189, "train vs tokens/learning_rate": 2.8359280606376762e-05, "train vs tokens/consumed_train_tokens": 377487360000, "train/total_grad_norm": 0.061524476315038816, "_timestamp": 1727995567.0669527, "_runtime": 76670.72695565224, "_step": 1999}