{"runtime/iteration_time": 37.738810300827026, "runtime/tflops_per_sec_per_gpu": 99.55897816043404, "runtime/tflops_per_sec": 6371.774602267778, "runtime/samples_per_sec_per_gpu": 0.42396673007069774, "runtime/tokens_per_sec_per_gpu": 3473.135452739156, "train/loss": 1.8221144676208496, "train/learning_rate": 9.538390043566095e-05, "train/global_step": 29541, "train vs tokens/loss": 1.8221144676208496, "train vs tokens/learning_rate": 9.538390043566095e-05, "train vs tokens/consumed_train_tokens": 247807868928, "train/total_grad_norm": 0.07752652415218443, "_timestamp": 1724153663.776393, "_runtime": 172759.84445405006, "_step": 4540}