{"runtime/iteration_time": 40.426337003707886, "runtime/tflops_per_sec_per_gpu": 92.94033714200198, "runtime/tflops_per_sec": 5948.181577088127, "runtime/samples_per_sec_per_gpu": 0.39578159155336007, "runtime/tokens_per_sec_per_gpu": 3242.2427980051257, "train/loss": 2.1567277908325195, "train/learning_rate": 0.00019908810356502872, "train/global_step": 4263, "train vs tokens/loss": 2.1567277908325195, "train vs tokens/learning_rate": 0.00019908810356502872, "train vs tokens/consumed_train_tokens": 35760635904, "train/total_grad_norm": 0.08575302068621199, "_timestamp": 1722306999.56002, "_runtime": 172764.62819600105, "_step": 4262}