{"runtime/iteration_time": 38.276856899261475, "runtime/tflops_per_sec_per_gpu": 98.1595066812629, "runtime/tflops_per_sec": 6282.208427600825, "runtime/samples_per_sec_per_gpu": 0.4180071535682625, "runtime/tokens_per_sec_per_gpu": 3424.3146020312065, "train/loss": 1.7816931009292603, "train/learning_rate": 3.117611419855902e-05, "train/global_step": 43900, "train vs tokens/loss": 1.7816931009292603, "train vs tokens/learning_rate": 3.117611419855902e-05, "train vs tokens/consumed_train_tokens": 368259891200, "train/total_grad_norm": 0.06496122961156409, "_timestamp": 1728336785.4267626, "_runtime": 1252.083134651184, "_step": 24}