{"runtime/iteration_time": 37.67178440093994, "runtime/tflops_per_sec_per_gpu": 99.73611418436167, "runtime/tflops_per_sec": 6383.111307799147, "runtime/samples_per_sec_per_gpu": 0.42472105461510307, "runtime/tokens_per_sec_per_gpu": 3479.3148794069243, "train/loss": 1.7856415510177612, "train/learning_rate": 3.360635809172103e-05, "train/global_step": 43052, "train vs tokens/loss": 1.7856415510177612, "train vs tokens/learning_rate": 3.360635809172103e-05, "train vs tokens/consumed_train_tokens": 361146351616, "train/total_grad_norm": 0.07145184717489307, "_timestamp": 1724715366.6536407, "_runtime": 172805.33799862862, "_step": 4551}