{"runtime/iteration_time": 37.720937728881836, "runtime/tflops_per_sec_per_gpu": 99.60615023798817, "runtime/tflops_per_sec": 6374.793615231243, "runtime/samples_per_sec_per_gpu": 0.4241676099093703, "runtime/tokens_per_sec_per_gpu": 3474.7810603775615, "train/loss": 1.875874400138855, "train/learning_rate": 0.00014293091976572023, "train/global_step": 21000, "train vs tokens/loss": 1.875874400138855, "train vs tokens/learning_rate": 0.00014293091976572023, "train vs tokens/consumed_train_tokens": 176160768000, "train/total_grad_norm": 0.07787671272455604, "_timestamp": 1723649046.0625963, "_runtime": 18905.068907260895, "_step": 499}