{"runtime/iteration_time": 37.628963470458984, "runtime/tflops_per_sec_per_gpu": 99.84961168251311, "runtime/tflops_per_sec": 6390.375147680839, "runtime/samples_per_sec_per_gpu": 0.4252043778075622, "runtime/tokens_per_sec_per_gpu": 3483.2742629995496, "train/loss": 1.8207448720932007, "train/learning_rate": 7.107594899361169e-05, "train/global_step": 34054, "train vs tokens/loss": 1.8207448720932007, "train vs tokens/learning_rate": 7.107594899361169e-05, "train vs tokens/consumed_train_tokens": 285665656832, "train/total_grad_norm": 0.06892768118410592, "_timestamp": 1724369661.915506, "_runtime": 172790.20556998253, "_step": 4553}