{"runtime/iteration_time": 38.37174963951111, "runtime/tflops_per_sec_per_gpu": 97.91675974743671, "runtime/tflops_per_sec": 6266.67262383595, "runtime/samples_per_sec_per_gpu": 0.41697342837671697, "runtime/tokens_per_sec_per_gpu": 3415.8463252620654, "train/loss": 1.786889672279358, "train/learning_rate": 3.119800189612546e-05, "train/global_step": 43892, "train vs tokens/loss": 1.786889672279358, "train vs tokens/learning_rate": 3.119800189612546e-05, "train vs tokens/consumed_train_tokens": 368192782336, "train/total_grad_norm": 0.06577517620166919, "_timestamp": 1728396426.0253332, "_runtime": 851.3940920829773, "_step": 16}