{"runtime/iteration_time": 37.88879108428955, "runtime/tflops_per_sec_per_gpu": 99.16487919031879, "runtime/tflops_per_sec": 6346.552268180402, "runtime/samples_per_sec_per_gpu": 0.42228848010498654, "runtime/tokens_per_sec_per_gpu": 3459.3872290200497, "train/loss": 1.9569493532180786, "train/learning_rate": 0.00018101311989239847, "train/global_step": 12508, "train vs tokens/loss": 1.9569493532180786, "train vs tokens/learning_rate": 0.00018101311989239847, "train vs tokens/consumed_train_tokens": 104924708864, "train/total_grad_norm": 0.06267596596951841, "_timestamp": 1722645235.5894008, "_runtime": 172089.36757087708, "_step": 4507}