{"runtime/iteration_time": 38.06002974510193, "runtime/tflops_per_sec_per_gpu": 98.71871923653269, "runtime/tflops_per_sec": 6317.998031138092, "runtime/samples_per_sec_per_gpu": 0.42038853114819474, "runtime/tokens_per_sec_per_gpu": 3443.8228471660113, "train/loss": 2.0344655513763428, "train/learning_rate": 0.00019364855841500866, "train/global_step": 8003, "train vs tokens/loss": 2.0344655513763428, "train vs tokens/learning_rate": 0.00019364855841500866, "train vs tokens/consumed_train_tokens": 67134029824, "train/total_grad_norm": 0.10376722869960688, "_timestamp": 1722461422.6868424, "_runtime": 152952.10855555534, "_step": 4002}